beta,theta
4.0135166798206825,0.15486149450917416
4.0135166798206825,0.15486149450917416
4.0135166798206825,0.15486149450917416
4.0168803622876474,0.15486149450917416
4.016461198440311,0.15486149450917416
4.016461198440311,0.15486149450917416
4.016461198440311,0.15486149450917416
4.016461198440311,0.15486149450917416
4.016461198440311,0.15486149450917416
4.016461198440311,0.15480993805062507
4.016461198440311,0.15480993805062507
4.014592448954551,0.15480993805062507
4.014592448954551,0.15480993805062507
4.014592448954551,0.15480993805062507
4.014592448954551,0.15480993805062507
4.014592448954551,0.15480993805062507
4.009421825106257,0.15480993805062507
4.009421825106257,0.15480993805062507
4.0154228709166535,0.15480993805062507
4.0154228709166535,0.15480993805062507
4.0154228709166535,0.15480993805062507
4.0154228709166535,0.15480993805062507
4.0154228709166535,0.1547491066244395
4.0154228709166535,0.1547491066244395
4.0154228709166535,0.1547491066244395
4.0154228709166535,0.1547491066244395
4.0154228709166535,0.1547491066244395
4.0154228709166535,0.1547491066244395
4.0154228709166535,0.1547491066244395
4.0154228709166535,0.1547491066244395
4.0154228709166535,0.1547491066244395
4.0154228709166535,0.1556477649307285
4.020063978500947,0.1556477649307285
4.020063978500947,0.1556477649307285
4.020063978500947,0.1556477649307285
4.020063978500947,0.1556477649307285
4.020063978500947,0.1556477649307285
4.020063978500947,0.1556477649307285
4.020063978500947,0.15561213178619032
4.020063978500947,0.1555907668811595
4.020063978500947,0.1555907668811595
4.020063978500947,0.15498785271890847
4.020063978500947,0.15498785271890847
4.017990017393146,0.15498785271890847
4.017990017393146,0.15498785271890847
4.017990017393146,0.15498785271890847
4.017409043699615,0.15498785271890847
4.017409043699615,0.15498785271890847
4.017409043699615,0.15498785271890847
4.026922281661604,0.15498785271890847
4.026922281661604,0.15498785271890847
4.028744711135421,0.15498785271890847
4.010224046373732,0.15498785271890847
4.010224046373732,0.15498785271890847
4.010224046373732,0.15498785271890847
4.017900946279204,0.15498785271890847
4.017900946279204,0.15498785271890847
4.017900946279204,0.15538194733597122
4.017900946279204,0.1549009325341808
4.017900946279204,0.1549009325341808
4.017900946279204,0.1549009325341808
4.0180778619385125,0.1549009325341808
4.0180778619385125,0.1549009325341808
4.017856990998784,0.1549009325341808
4.017856990998784,0.1549009325341808
4.017856990998784,0.1549009325341808
4.017856990998784,0.1549009325341808
4.017856990998784,0.1549009325341808
4.0070944217302245,0.1549009325341808
4.0070944217302245,0.1549009325341808
4.0070944217302245,0.1547217760077033
4.0070944217302245,0.1547217760077033
4.0070944217302245,0.1547217760077033
4.0070944217302245,0.1547217760077033
4.0070944217302245,0.1547217760077033
4.0070944217302245,0.1547217760077033
4.0070944217302245,0.15394764222566404
4.0070944217302245,0.15427844336888447
4.0070944217302245,0.15427844336888447
4.0070944217302245,0.1548038224721026
4.0070944217302245,0.1548038224721026
4.0070944217302245,0.1548038224721026
4.0070944217302245,0.1548038224721026
4.0070944217302245,0.1548038224721026
4.0070944217302245,0.1535054873176191
4.0070944217302245,0.1535054873176191
4.013328028843754,0.15376728933953893
4.009032539914609,0.15403743364780828
4.009032539914609,0.15403743364780828
4.009032539914609,0.15403743364780828
4.007196966349842,0.15403743364780828
3.9999849202704225,0.15403743364780828
3.9999849202704225,0.15403743364780828
3.9999849202704225,0.15403743364780828
3.9999849202704225,0.15403743364780828
3.9999849202704225,0.1544859379799718
3.9999849202704225,0.1544859379799718
3.9999849202704225,0.15370285798107858
3.9999849202704225,0.15370285798107858
3.9999849202704225,0.15370285798107858
4.005975064461408,0.15420990970303397
4.005975064461408,0.15420990970303397
4.004250750796873,0.15420990970303397
4.004250750796873,0.15420990970303397
4.004250750796873,0.1538076703723977
4.004250750796873,0.1538076703723977
3.9905751018159497,0.1538076703723977
3.9905751018159497,0.1538076703723977
3.9905751018159497,0.1538076703723977
4.009676293196425,0.1538076703723977
3.9944767091838296,0.1538076703723977
3.9944767091838296,0.1538076703723977
3.9944767091838296,0.1538076703723977
4.002642827610909,0.1538076703723977
4.002642827610909,0.15398056911151617
4.002642827610909,0.1541324670715045
4.002642827610909,0.1541324670715045
4.008447087036057,0.1541324670715045
4.008447087036057,0.1541324670715045
4.008447087036057,0.15503440149652478
4.008447087036057,0.15503440149652478
4.008447087036057,0.15503440149652478
4.008447087036057,0.15503440149652478
4.008447087036057,0.1548763770731294
4.020951283874165,0.15609608220297147
4.020951283874165,0.15609608220297147
4.031927050100554,0.15609608220297147
4.031927050100554,0.15609608220297147
4.031927050100554,0.15609608220297147
4.031927050100554,0.15609608220297147
4.031927050100554,0.15609608220297147
4.031927050100554,0.15609608220297147
4.031927050100554,0.15609608220297147
4.031927050100554,0.15609608220297147
4.022266813422889,0.15609608220297147
4.022266813422889,0.15609608220297147
4.022266813422889,0.15609608220297147
4.022266813422889,0.15609608220297147
4.022266813422889,0.15505894889179261
4.022266813422889,0.15505894889179261
4.022266813422889,0.15505894889179261
4.022266813422889,0.15505894889179261
4.022266813422889,0.15505894889179261
4.022266813422889,0.1554005787915007
4.022266813422889,0.1554005787915007
4.022266813422889,0.1554005787915007
4.022266813422889,0.1554005787915007
4.028118557772065,0.1554005787915007
4.024096023849191,0.1554005787915007
4.02088981169986,0.1554005787915007
4.02088981169986,0.1555911177716499
4.02088981169986,0.1555911177716499
4.02088981169986,0.1555911177716499
4.02088981169986,0.1555911177716499
4.02088981169986,0.1555911177716499
4.02088981169986,0.1555911177716499
4.02088981169986,0.1555911177716499
4.02088981169986,0.1555911177716499
4.02088981169986,0.1555911177716499
4.02088981169986,0.1555911177716499
4.02088981169986,0.1555911177716499
4.02088981169986,0.15475319823098227
4.02088981169986,0.15475319823098227
4.00479935796682,0.15475319823098227
4.0123421247418785,0.15475319823098227
4.006519833141359,0.15475319823098227
4.006519833141359,0.15475319823098227
4.006519833141359,0.15475319823098227
4.006519833141359,0.15475319823098227
4.006519833141359,0.15475319823098227
4.006519833141359,0.15475319823098227
4.006519833141359,0.15475319823098227
4.006519833141359,0.15475319823098227
4.006519833141359,0.15475319823098227
4.006519833141359,0.15475319823098227
4.006519833141359,0.15475319823098227
4.006519833141359,0.15475319823098227
4.0111542596571494,0.15475319823098227
4.0111542596571494,0.15475319823098227
4.0111542596571494,0.15475319823098227
4.0111542596571494,0.15475319823098227
4.0111542596571494,0.1549209715213717
4.0111542596571494,0.1549209715213717
4.0111542596571494,0.1549209715213717
4.019143393090581,0.1549209715213717
4.019143393090581,0.15512008234866148
4.019143393090581,0.15512008234866148
4.019143393090581,0.15512008234866148
4.019143393090581,0.15512008234866148
4.019143393090581,0.15512008234866148
4.019143393090581,0.15512008234866148
4.019143393090581,0.15512008234866148
4.019143393090581,0.15512008234866148
4.019143393090581,0.1555120365576655
4.019143393090581,0.1552182516393503
4.019143393090581,0.1552182516393503
4.019143393090581,0.1552182516393503
4.019143393090581,0.1552182516393503
4.019143393090581,0.1552182516393503
4.019143393090581,0.1552182516393503
4.019143393090581,0.1552182516393503
4.019143393090581,0.1552182516393503
4.019143393090581,0.1552182516393503
4.010311798657869,0.15448115611700497
4.010311798657869,0.15448115611700497
4.013900263645515,0.15448115611700497
4.013900263645515,0.15448115611700497
4.013900263645515,0.15448115611700497
4.013900263645515,0.15448115611700497
4.013900263645515,0.15448115611700497
4.013900263645515,0.15448115611700497
4.013900263645515,0.15448115611700497
4.013900263645515,0.15448115611700497
4.013900263645515,0.15448115611700497
4.013900263645515,0.15448115611700497
4.013900263645515,0.15448115611700497
4.013900263645515,0.15448115611700497
4.013900263645515,0.15448115611700497
4.00457401258568,0.15448115611700497
4.00457401258568,0.15448115611700497
4.012477138862056,0.15448115611700497
4.012477138862056,0.15448115611700497
4.012477138862056,0.15448115611700497
4.012477138862056,0.15448115611700497
4.014820234521506,0.15465235062721103
4.014820234521506,0.15465235062721103
4.014820234521506,0.15465235062721103
4.014820234521506,0.15465235062721103
4.014820234521506,0.15465235062721103
4.014820234521506,0.15465235062721103
4.019770497013996,0.15465235062721103
4.004472859328135,0.15465235062721103
4.004472859328135,0.15465235062721103
4.004472859328135,0.15465235062721103
4.004472859328135,0.15465235062721103
4.004472859328135,0.15465235062721103
4.004472859328135,0.15465235062721103
4.004472859328135,0.15403045003226196
4.004472859328135,0.15403045003226196
4.004472859328135,0.15403045003226196
4.004472859328135,0.1545301943018116
4.004472859328135,0.1545301943018116
4.004472859328135,0.1545301943018116
4.004472859328135,0.1545301943018116
4.004472859328135,0.1545301943018116
4.004472859328135,0.1545301943018116
4.004472859328135,0.1545301943018116
4.004472859328135,0.1545301943018116
4.004472859328135,0.1545301943018116
4.004472859328135,0.1545301943018116
4.004472859328135,0.1545301943018116
4.004472859328135,0.1545301943018116
4.008523714466467,0.1545301943018116
4.008523714466467,0.1545301943018116
4.011910353733542,0.1545301943018116
4.011910353733542,0.1545301943018116
4.011910353733542,0.1545301943018116
4.004357943805889,0.1545301943018116
4.004357943805889,0.1545301943018116
4.004357943805889,0.1545301943018116
4.004357943805889,0.1545301943018116
4.004357943805889,0.1545301943018116
4.004357943805889,0.1545301943018116
4.004357943805889,0.1539733415286671
4.004357943805889,0.15442897298961455
4.004357943805889,0.15442897298961455
3.985174335619201,0.15327958558591556
3.985174335619201,0.15256900975024063
3.985174335619201,0.15256900975024063
3.985174335619201,0.15256900975024063
3.985174335619201,0.15256900975024063
3.9829227098948383,0.15256900975024063
3.9829227098948383,0.15256900975024063
3.9829227098948383,0.15181084021842212
3.9829227098948383,0.15173522353280786
3.9829227098948383,0.15173522353280786
3.9829227098948383,0.15173522353280786
3.9829227098948383,0.15152859303353522
3.983640718308304,0.15152859303353522
3.9700499158737026,0.15107958856264714
3.9700499158737026,0.15107958856264714
3.9700499158737026,0.15107958856264714
3.9700499158737026,0.15174248076152597
3.9700499158737026,0.15174248076152597
3.9700499158737026,0.15174248076152597
3.981062705984867,0.15174248076152597
3.981062705984867,0.1525928128472118
3.981062705984867,0.1525928128472118
3.981062705984867,0.1525928128472118
3.995646983325893,0.1525928128472118
3.995646983325893,0.1525928128472118
3.995646983325893,0.1525928128472118
3.995646983325893,0.1525928128472118
3.995646983325893,0.15271530035088507
3.995646983325893,0.15271530035088507
3.995646983325893,0.15271530035088507
3.995646983325893,0.15271530035088507
3.995646983325893,0.15271530035088507
3.99904737150766,0.1525711419818733
3.99904737150766,0.15276765187492702
3.99904737150766,0.15276765187492702
3.979242607321766,0.15254430647923775
3.989328876638129,0.15254430647923775
3.989328876638129,0.15254430647923775
3.989328876638129,0.15254430647923775
3.9770981276761823,0.15254430647923775
3.9770981276761823,0.15254430647923775
3.9770981276761823,0.15254430647923775
3.9770981276761823,0.15254430647923775
3.9770981276761823,0.15206157563894807
3.9770981276761823,0.15206157563894807
3.9770981276761823,0.15206157563894807
3.9770981276761823,0.15206157563894807
3.9806202732225358,0.15206157563894807
3.9806202732225358,0.15206157563894807
3.9806202732225358,0.15206157563894807
3.9806202732225358,0.15206157563894807
3.9806202732225358,0.15206157563894807
3.9806202732225358,0.15206157563894807
3.9806202732225358,0.15206157563894807
3.9806202732225358,0.15206157563894807
3.9806202732225358,0.15206157563894807
3.9806202732225358,0.15206157563894807
3.9806202732225358,0.15206157563894807
3.986046415402588,0.15206157563894807
3.986046415402588,0.15206157563894807
3.986046415402588,0.15206157563894807
3.986046415402588,0.15206157563894807
3.986046415402588,0.15206157563894807
3.986046415402588,0.15206157563894807
3.986046415402588,0.15206157563894807
3.986046415402588,0.15293108324265864
3.986046415402588,0.15293108324265864
3.986046415402588,0.15293108324265864
3.986046415402588,0.15293108324265864
3.986046415402588,0.15293108324265864
3.986046415402588,0.15293108324265864
3.986046415402588,0.15258225554610697
3.986046415402588,0.15258225554610697
3.986046415402588,0.15343607048195912
3.986046415402588,0.15343607048195912
3.986046415402588,0.15287959074767518
3.986046415402588,0.15298340089124196
3.986046415402588,0.15298340089124196
3.986046415402588,0.15298340089124196
3.986046415402588,0.15290046207689698
3.986046415402588,0.15290046207689698
3.986046415402588,0.15290046207689698
3.986046415402588,0.15290046207689698
3.9870353112194157,0.15290046207689698
3.9870353112194157,0.15276266383102127
3.9870353112194157,0.15276266383102127
3.9870353112194157,0.15276266383102127
3.9870353112194157,0.15276266383102127
3.9870353112194157,0.15276266383102127
3.9870353112194157,0.15276266383102127
3.9870353112194157,0.15276266383102127
3.9870353112194157,0.15276266383102127
3.9870353112194157,0.15276266383102127
3.9870353112194157,0.15276266383102127
3.9870353112194157,0.15276266383102127
3.9870353112194157,0.15276266383102127
3.9870353112194157,0.1522299270912209
3.9870353112194157,0.1522299270912209
3.9870353112194157,0.15294319367241785
3.9870353112194157,0.15294319367241785
3.9950415551885796,0.15294319367241785
3.9950415551885796,0.15294319367241785
3.9950415551885796,0.15294319367241785
3.9950415551885796,0.15294319367241785
3.9950415551885796,0.15294319367241785
3.9950415551885796,0.15294319367241785
3.9950415551885796,0.15294319367241785
3.9950415551885796,0.15294319367241785
3.9950415551885796,0.15294319367241785
3.9950415551885796,0.15294319367241785
3.9950415551885796,0.15278134866874996
3.9950415551885796,0.15278134866874996
3.98850765006464,0.15278134866874996
3.98850765006464,0.15278134866874996
3.98850765006464,0.15278134866874996
3.98850765006464,0.15278134866874996
3.98850765006464,0.15278134866874996
3.98850765006464,0.15278134866874996
3.98850765006464,0.1529288965643011
3.98850765006464,0.1529288965643011
3.98850765006464,0.1529288965643011
3.98850765006464,0.1529288965643011
3.98850765006464,0.15275568035917333
3.98850765006464,0.15275568035917333
3.98850765006464,0.15246177737748753
3.98850765006464,0.15332218889899332
4.002499793454,0.15332218889899332
4.002499793454,0.15332218889899332
4.002499793454,0.15332218889899332
4.002499793454,0.15332218889899332
3.9934374742834136,0.15332218889899332
3.994509362967455,0.15332218889899332
3.994509362967455,0.15332218889899332
3.994509362967455,0.15332218889899332
3.994509362967455,0.15332218889899332
3.994509362967455,0.15332218889899332
3.994509362967455,0.15332720744335776
3.994509362967455,0.15332720744335776
3.9971029665181756,0.15332720744335776
3.9971029665181756,0.15332720744335776
3.9971029665181756,0.15308483872232018
3.9971029665181756,0.15308483872232018
3.9971029665181756,0.15308483872232018
3.9971029665181756,0.15308483872232018
3.9971029665181756,0.15305215774480813
3.995173010339283,0.15305215774480813
3.995173010339283,0.15360582843732265
4.002221139523801,0.15360582843732265
4.002221139523801,0.1538951278884968
4.002221139523801,0.1538951278884968
4.002221139523801,0.1538951278884968
4.002221139523801,0.1538951278884968
4.002221139523801,0.1538951278884968
4.002221139523801,0.1538951278884968
4.012712736115064,0.1538951278884968
4.012712736115064,0.1538951278884968
4.012712736115064,0.1538951278884968
4.012712736115064,0.1538951278884968
4.012712736115064,0.1538951278884968
4.012712736115064,0.1538951278884968
4.012712736115064,0.1540672174845603
4.012712736115064,0.1540672174845603
4.004935769176706,0.1540672174845603
4.004935769176706,0.1540672174845603
4.004935769176706,0.1540672174845603
4.004935769176706,0.1540672174845603
4.005003087975532,0.1540672174845603
4.005003087975532,0.1540672174845603
4.005003087975532,0.15456840065904895
4.005003087975532,0.15456840065904895
4.005003087975532,0.15410375333879664
4.005003087975532,0.15410375333879664
4.005003087975532,0.15410375333879664
4.003513079112161,0.15410375333879664
4.003513079112161,0.15410375333879664
3.9937601784859718,0.15410375333879664
3.9937601784859718,0.15410375333879664
3.9937601784859718,0.15410375333879664
3.9937601784859718,0.15410375333879664
3.9937601784859718,0.15410375333879664
3.9937601784859718,0.15410375333879664
4.015938545619589,0.15410375333879664
4.015938545619589,0.15410375333879664
4.015938545619589,0.15410375333879664
4.015938545619589,0.15474031725138054
4.015938545619589,0.15535219299958355
4.015938545619589,0.15535219299958355
4.015938545619589,0.15535219299958355
4.015938545619589,0.15535219299958355
4.015938545619589,0.15535219299958355
4.015938545619589,0.15535219299958355
4.015938545619589,0.1551950571894123
4.0154589565805585,0.1551950571894123
4.0154589565805585,0.1551950571894123
4.0154589565805585,0.1551950571894123
4.0154589565805585,0.1551950571894123
4.0154589565805585,0.1551950571894123
4.0154589565805585,0.1551950571894123
4.023432309658617,0.1551950571894123
4.011244329740752,0.1551950571894123
4.011244329740752,0.1551950571894123
4.011244329740752,0.1551950571894123
4.011244329740752,0.1551950571894123
4.011244329740752,0.1551950571894123
4.023419588968178,0.1551950571894123
4.023419588968178,0.1551950571894123
4.024839420496134,0.1551950571894123
4.024839420496134,0.1551950571894123
4.024839420496134,0.1551950571894123
4.024839420496134,0.1551950571894123
4.018851143282481,0.1551950571894123
4.018851143282481,0.1551950571894123
4.018851143282481,0.1551950571894123
4.018851143282481,0.1551950571894123
4.018851143282481,0.1551950571894123
4.018851143282481,0.1551950571894123
4.018851143282481,0.1551950571894123
4.018851143282481,0.1551950571894123
4.018851143282481,0.1551950571894123
4.018851143282481,0.1551950571894123
4.018851143282481,0.1551950571894123
4.018851143282481,0.1551950571894123
4.018851143282481,0.1551950571894123
4.018851143282481,0.15607807238209162
4.018851143282481,0.15505565370075225
4.018851143282481,0.15505565370075225
4.018851143282481,0.15505565370075225
4.018851143282481,0.15505565370075225
4.017324543230201,0.15505565370075225
4.017324543230201,0.15505565370075225
4.01481613588494,0.15505565370075225
4.01481613588494,0.15505565370075225
4.01481613588494,0.15585533762506928
4.01481613588494,0.15585533762506928
4.01481613588494,0.15490698548283793
4.01481613588494,0.15490698548283793
4.01481613588494,0.15490698548283793
4.01481613588494,0.15490698548283793
4.023914780900631,0.15490698548283793
4.023914780900631,0.15490698548283793
4.023914780900631,0.15490698548283793
4.023914780900631,0.15490698548283793
4.023914780900631,0.15480363183164503
4.023914780900631,0.15480363183164503
4.023914780900631,0.15480363183164503
4.023914780900631,0.15480363183164503
4.023914780900631,0.15614848598165862
4.023914780900631,0.15614848598165862
4.026620309016295,0.15614848598165862
4.029221292853139,0.15614848598165862
4.023488333671384,0.15614848598165862
4.023488333671384,0.15614848598165862
4.023488333671384,0.15614848598165862
4.023488333671384,0.15617108958833262
4.023488333671384,0.15617108958833262
4.023488333671384,0.15617108958833262
4.023488333671384,0.15617108958833262
4.029244179749523,0.15617108958833262
4.029244179749523,0.15617108958833262
4.029244179749523,0.15592426746363103
4.029244179749523,0.15592426746363103
4.029244179749523,0.15592426746363103
4.029244179749523,0.15621162355671905
4.029244179749523,0.15621162355671905
4.035904858313692,0.15621162355671905
4.035904858313692,0.15621162355671905
4.035904858313692,0.15621162355671905
4.035904858313692,0.15621162355671905
4.035904858313692,0.15688634938570323
4.035904858313692,0.15688634938570323
4.035904858313692,0.15688634938570323
4.035904858313692,0.15688634938570323
4.035904858313692,0.15688634938570323
4.035904858313692,0.15688634938570323
4.035904858313692,0.15688634938570323
4.035904858313692,0.15688634938570323
4.035904858313692,0.15688634938570323
4.035904858313692,0.15688634938570323
4.035904858313692,0.15688634938570323
4.035904858313692,0.15688634938570323
4.035904858313692,0.15678603863161003
4.035904858313692,0.15678603863161003
4.035904858313692,0.15678603863161003
4.035904858313692,0.15623934528309533
4.027434532189154,0.15623934528309533
4.021026180221409,0.15623934528309533
4.021026180221409,0.15623934528309533
4.029124726861036,0.15623934528309533
4.029124726861036,0.15623934528309533
4.029124726861036,0.15623934528309533
4.029124726861036,0.15623934528309533
4.029124726861036,0.15623934528309533
4.029124726861036,0.15623934528309533
4.021528839566969,0.15623934528309533
4.021528839566969,0.15623934528309533
4.021528839566969,0.15623934528309533
4.021528839566969,0.15463290406948296
4.021528839566969,0.15463290406948296
4.007656282700487,0.15463290406948296
4.007656282700487,0.15463290406948296
4.007656282700487,0.15463290406948296
4.007656282700487,0.15463290406948296
4.007656282700487,0.15442148290592056
4.012931306642449,0.15442148290592056
4.012931306642449,0.15442148290592056
4.012931306642449,0.15442148290592056
4.012931306642449,0.15442148290592056
4.012931306642449,0.15442148290592056
4.012931306642449,0.15442148290592056
3.999685505844186,0.15442148290592056
4.0124777252855814,0.15442148290592056
4.0124777252855814,0.15442148290592056
4.0124777252855814,0.15442148290592056
4.0124777252855814,0.15442148290592056
4.0124777252855814,0.15442148290592056
4.011106388421874,0.15412927460107956
4.011106388421874,0.15412927460107956
4.011106388421874,0.15483930516367855
4.011106388421874,0.15483930516367855
4.011106388421874,0.15483930516367855
4.0182347589629845,0.15483930516367855
4.0182347589629845,0.15483930516367855
4.0182347589629845,0.15483930516367855
4.0182347589629845,0.154958987481184
4.011638914136386,0.154958987481184
4.011638914136386,0.15474713518991778
4.011638914136386,0.1543802624319985
4.011638914136386,0.1543802624319985
4.011638914136386,0.1543802624319985
4.014454485489324,0.15421678541704567
4.014454485489324,0.15558635421899003
4.021580598196473,0.15558635421899003
4.021580598196473,0.15558635421899003
4.018356572119419,0.15558635421899003
4.018356572119419,0.15558635421899003
4.018356572119419,0.15558635421899003
4.018356572119419,0.15558635421899003
4.018356572119419,0.15558635421899003
4.018356572119419,0.15558635421899003
4.018356572119419,0.15558635421899003
4.018356572119419,0.15558635421899003
4.018356572119419,0.15558635421899003
4.023793412118018,0.15558635421899003
4.023793412118018,0.15558635421899003
4.023793412118018,0.15558635421899003
4.023793412118018,0.15558635421899003
4.023793412118018,0.15558635421899003
4.023793412118018,0.15507745911792273
4.023793412118018,0.15507745911792273
4.023793412118018,0.15576423263901534
4.023793412118018,0.15576423263901534
4.023793412118018,0.15576423263901534
4.023793412118018,0.15576423263901534
4.023793412118018,0.15576423263901534
4.023793412118018,0.15576423263901534
4.023793412118018,0.15576423263901534
4.023793412118018,0.15576423263901534
4.023793412118018,0.15576423263901534
4.014115033218683,0.15468585522973657
4.014115033218683,0.15468585522973657
4.014115033218683,0.15468585522973657
4.014115033218683,0.15468585522973657
3.999948394436481,0.15468585522973657
3.999948394436481,0.15468585522973657
4.018319991693827,0.15468585522973657
4.022375282698202,0.15496897987765762
4.022375282698202,0.15496897987765762
4.022375282698202,0.15496897987765762
4.022375282698202,0.15625546300769946
4.022375282698202,0.15625546300769946
4.022375282698202,0.15625546300769946
4.022375282698202,0.15625546300769946
4.022375282698202,0.15625546300769946
4.012591296711742,0.155182123305863
4.012591296711742,0.155182123305863
4.016850470488393,0.155182123305863
4.016850470488393,0.155182123305863
4.016850470488393,0.155182123305863
4.026209635949808,0.155182123305863
4.018608877444772,0.1556952762944741
4.018608877444772,0.1556952762944741
4.018608877444772,0.1556952762944741
4.018608877444772,0.1556952762944741
4.018608877444772,0.1556952762944741
4.018608877444772,0.1556952762944741
4.018608877444772,0.1556952762944741
4.018608877444772,0.1556952762944741
4.018608877444772,0.1556952762944741
4.018608877444772,0.1556952762944741
4.018608877444772,0.15565760306012544
4.018608877444772,0.15565760306012544
4.018608877444772,0.15565760306012544
4.030817654098597,0.15565760306012544
4.030817654098597,0.1562154123670713
4.030817654098597,0.1562154123670713
4.027948474533161,0.1562154123670713
4.027948474533161,0.1562154123670713
4.027948474533161,0.1562154123670713
4.027948474533161,0.1562154123670713
4.027948474533161,0.15657336835971394
4.037338202137534,0.15657336835971394
4.037338202137534,0.15657336835971394
4.037338202137534,0.15643515701243504
4.037338202137534,0.15643515701243504
4.037338202137534,0.15643515701243504
4.037338202137534,0.15643515701243504
4.039780604214515,0.1566506098307879
4.039780604214515,0.1566506098307879
4.039780604214515,0.1566506098307879
4.039780604214515,0.15644604469127893
4.034856127398863,0.15644604469127893
4.034856127398863,0.15644604469127893
4.034856127398863,0.15644604469127893
4.034856127398863,0.15644604469127893
4.034856127398863,0.15644604469127893
4.034856127398863,0.15644604469127893
4.034856127398863,0.15756722880135696
4.034856127398863,0.15756722880135696
4.034856127398863,0.15756722880135696
4.034856127398863,0.15756722880135696
4.034856127398863,0.15756722880135696
4.0498360238348114,0.15756722880135696
4.0498360238348114,0.15756722880135696
4.052888475413798,0.15756722880135696
4.052888475413798,0.15756722880135696
4.035511359026693,0.15756722880135696
4.047626740339643,0.15756722880135696
4.047626740339643,0.15756722880135696
4.047626740339643,0.15756722880135696
4.047626740339643,0.15756722880135696
4.047626740339643,0.15756722880135696
4.047626740339643,0.15756722880135696
4.047626740339643,0.15756722880135696
4.058179529054088,0.15756722880135696
4.050495763886623,0.15756722880135696
4.050495763886623,0.15756722880135696
4.050495763886623,0.15756722880135696
4.050495763886623,0.15756722880135696
4.050495763886623,0.15756722880135696
4.037204726754662,0.15756722880135696
4.046498771461229,0.15756722880135696
4.046498771461229,0.15756722880135696
4.046498771461229,0.15756722880135696
4.046498771461229,0.15756722880135696
4.046498771461229,0.15756722880135696
4.046498771461229,0.15711685551001622
4.046498771461229,0.15741873189563252
4.046498771461229,0.15741873189563252
4.046498771461229,0.15741873189563252
4.046498771461229,0.15741873189563252
4.046498771461229,0.15741873189563252
4.046498771461229,0.15680309061147454
4.046498771461229,0.15680309061147454
4.046498771461229,0.15680309061147454
4.03331533675025,0.15680309061147454
4.03331533675025,0.15680309061147454
4.03331533675025,0.15680309061147454
4.03331533675025,0.15680309061147454
4.0296098754136755,0.15680309061147454
4.0296098754136755,0.15680309061147454
4.0296098754136755,0.15680309061147454
4.0296098754136755,0.15680309061147454
4.0296098754136755,0.15680309061147454
4.0296098754136755,0.15680309061147454
4.0425761830384666,0.15680309061147454
4.029350839316255,0.15680309061147454
4.0439536537494005,0.15680309061147454
4.0439536537494005,0.15680309061147454
4.047490379577104,0.15680309061147454
4.047490379577104,0.15680309061147454
4.047490379577104,0.15727252820946216
4.047490379577104,0.15727252820946216
4.047490379577104,0.15727252820946216
4.047490379577104,0.15727252820946216
4.047490379577104,0.15727252820946216
4.047490379577104,0.1569199616834229
4.047490379577104,0.1569199616834229
4.047490379577104,0.15838148287046452
4.047490379577104,0.15838148287046452
4.047490379577104,0.15838148287046452
4.047490379577104,0.15838148287046452
4.047490379577104,0.15718652280935147
4.047490379577104,0.15718652280935147
4.038778702463908,0.15718652280935147
4.038778702463908,0.15718652280935147
4.038778702463908,0.15718652280935147
4.038778702463908,0.15718652280935147
4.038778702463908,0.15718652280935147
4.038778702463908,0.15718652280935147
4.038778702463908,0.15718652280935147
4.038778702463908,0.15718652280935147
4.038778702463908,0.15718652280935147
4.043001574133937,0.1575018733474179
4.043001574133937,0.1575018733474179
4.043001574133937,0.1575018733474179
4.043001574133937,0.1575018733474179
4.043001574133937,0.1575018733474179
4.043001574133937,0.1575018733474179
4.043001574133937,0.1575018733474179
4.043001574133937,0.1575018733474179
4.043001574133937,0.1575018733474179
4.043001574133937,0.1575018733474179
4.043001574133937,0.1575018733474179
4.042407468748129,0.1569580427911281
4.042407468748129,0.1569580427911281
4.042407468748129,0.1569580427911281
4.042407468748129,0.1569580427911281
4.042407468748129,0.1569580427911281
4.04162117954892,0.1569580427911281
4.04162117954892,0.1569580427911281
4.04162117954892,0.1569580427911281
4.031419069326442,0.1569580427911281
4.034906515053463,0.1569580427911281
4.034906515053463,0.1569580427911281
4.034906515053463,0.1569580427911281
4.034906515053463,0.1569580427911281
4.034906515053463,0.1569580427911281
4.034906515053463,0.15647236307440762
4.034906515053463,0.15647236307440762
4.034906515053463,0.15647236307440762
4.028106978193125,0.15647236307440762
4.030893219555534,0.15647236307440762
4.028783180977273,0.15647236307440762
4.028783180977273,0.15647236307440762
4.028783180977273,0.15647236307440762
4.028783180977273,0.15647236307440762
4.028783180977273,0.15647236307440762
4.028783180977273,0.15647236307440762
4.028783180977273,0.15647236307440762
4.028783180977273,0.15642236977921595
4.028783180977273,0.15642236977921595
4.028783180977273,0.15642236977921595
4.028783180977273,0.15530183343285153
4.028783180977273,0.15530183343285153
4.028783180977273,0.15530183343285153
4.028783180977273,0.15530183343285153
4.010948077988101,0.15530183343285153
4.010948077988101,0.15530183343285153
4.010948077988101,0.15530183343285153
4.010948077988101,0.15530183343285153
4.022642348669343,0.15470812052703845
4.021689174802728,0.15470812052703845
4.014008138848483,0.15470812052703845
4.014008138848483,0.15470812052703845
4.014008138848483,0.15470812052703845
4.014008138848483,0.15470812052703845
4.014008138848483,0.1551123273981746
4.014008138848483,0.1551123273981746
4.014008138848483,0.15504232880212307
4.014008138848483,0.15504232880212307
4.01252265492816,0.15504232880212307
4.008602139476227,0.15504232880212307
4.008602139476227,0.15504232880212307
4.008602139476227,0.15504232880212307
4.008602139476227,0.15430133682181027
4.008602139476227,0.15430133682181027
4.008602139476227,0.15466417290067042
4.008602139476227,0.15466417290067042
4.008602139476227,0.15359581325359598
4.008602139476227,0.15359581325359598
4.008602139476227,0.15386246708832038
4.008962293234249,0.15386246708832038
4.008962293234249,0.15386246708832038
4.008962293234249,0.15386246708832038
4.008962293234249,0.15386246708832038
4.008962293234249,0.15456436018643202
4.008962293234249,0.15456436018643202
4.008962293234249,0.15384001261968389
4.008962293234249,0.15384001261968389
4.008962293234249,0.15384001261968389
4.008962293234249,0.15384001261968389
4.008962293234249,0.15398528351850627
4.008076024235005,0.15398528351850627
4.008076024235005,0.15398528351850627
4.008076024235005,0.15398528351850627
4.008076024235005,0.15410006915811905
4.008076024235005,0.15410006915811905
4.008076024235005,0.15410006915811905
4.008076024235005,0.15410006915811905
4.008076024235005,0.15410006915811905
4.008076024235005,0.15379328701801664
4.004907294231146,0.15379328701801664
4.004907294231146,0.15379328701801664
4.004907294231146,0.15379328701801664
3.997476126836324,0.15379328701801664
3.997476126836324,0.15379328701801664
3.997476126836324,0.15379328701801664
3.997476126836324,0.15379328701801664
3.997476126836324,0.15379328701801664
3.997476126836324,0.15379328701801664
4.003242424997055,0.15379328701801664
4.003242424997055,0.15379328701801664
3.9986733770434033,0.15379328701801664
3.9986733770434033,0.15379328701801664
3.9986733770434033,0.15379328701801664
3.9986733770434033,0.15379328701801664
3.9986733770434033,0.15379328701801664
3.995219456758381,0.15335131742712657
3.995219456758381,0.15335131742712657
3.995219456758381,0.15402414341217113
3.996846532632114,0.15402414341217113
3.996846532632114,0.15402414341217113
4.007610973263122,0.15402414341217113
4.007610973263122,0.15402414341217113
4.007610973263122,0.15402414341217113
4.007610973263122,0.15385898567415116
4.007610973263122,0.15385898567415116
4.007610973263122,0.15426703805387007
4.007610973263122,0.15426703805387007
4.007610973263122,0.15426703805387007
4.007610973263122,0.15426703805387007
4.007610973263122,0.15426703805387007
4.007610973263122,0.15426703805387007
4.007610973263122,0.15426703805387007
4.007610973263122,0.15426703805387007
4.007610973263122,0.15426703805387007
4.007610973263122,0.15426703805387007
4.007610973263122,0.15426703805387007
4.007610973263122,0.15426703805387007
4.007610973263122,0.15426703805387007
4.007610973263122,0.15426703805387007
4.007610973263122,0.15426703805387007
4.007610973263122,0.15426703805387007
4.007610973263122,0.1543079680878991
4.007610973263122,0.1543079680878991
4.007610973263122,0.1543079680878991
4.007610973263122,0.1543079680878991
4.007610973263122,0.1543079680878991
4.0128532285767875,0.1543079680878991
4.0128532285767875,0.1543079680878991
4.0128532285767875,0.1543079680878991
4.0128532285767875,0.15442621341147036
4.0128532285767875,0.15442621341147036
4.0128532285767875,0.15442621341147036
4.0128532285767875,0.15442621341147036
4.0128532285767875,0.15442621341147036
4.0128532285767875,0.15494579127090308
4.0128532285767875,0.15494579127090308
4.0128532285767875,0.15494579127090308
4.0128532285767875,0.15494579127090308
4.0128532285767875,0.1551223240577782
4.0128532285767875,0.1551223240577782
4.0128532285767875,0.1551223240577782
4.009047972469094,0.1551223240577782
4.023499130284294,0.1551223240577782
4.023499130284294,0.15544810043382065
4.023499130284294,0.15544810043382065
4.023499130284294,0.15544810043382065
4.023499130284294,0.15544810043382065
4.023499130284294,0.15544810043382065
4.023499130284294,0.15544810043382065
4.02661593613614,0.15544810043382065
4.02661593613614,0.15544810043382065
4.02661593613614,0.15695314424323506
4.02661593613614,0.15637520750195785
4.02661593613614,0.15637520750195785
4.02661593613614,0.15637520750195785
4.02661593613614,0.15637520750195785
4.0265138106014975,0.15637520750195785
4.0265138106014975,0.15637520750195785
4.0265138106014975,0.15637520750195785
4.0279167772980635,0.15637520750195785
4.0279167772980635,0.156216041166569
4.0279167772980635,0.156216041166569
4.0279167772980635,0.156216041166569
4.0279167772980635,0.156216041166569
4.0279167772980635,0.156216041166569
4.0279167772980635,0.15535066567701877
4.0279167772980635,0.15535066567701877
4.026018838358764,0.15648331484168967
4.026018838358764,0.15648331484168967
4.026018838358764,0.15648331484168967
4.026018838358764,0.15648331484168967
4.026018838358764,0.15500227949793913
4.026018838358764,0.15500227949793913
4.026018838358764,0.15500227949793913
4.002313401052309,0.15500227949793913
4.002313401052309,0.15500227949793913
4.029648048301881,0.15500227949793913
4.029648048301881,0.15500227949793913
4.029648048301881,0.15500227949793913
4.029648048301881,0.15530809843576984
4.029648048301881,0.15530809843576984
4.012346610888295,0.15530809843576984
4.02203591386866,0.15530809843576984
4.02203591386866,0.15530809843576984
4.020306675545673,0.15530809843576984
4.020306675545673,0.15530809843576984
4.017594241416235,0.15530809843576984
4.023539675946301,0.15530809843576984
4.023539675946301,0.15552395339577207
4.023539675946301,0.15552395339577207
4.019032286374214,0.15552395339577207
4.019032286374214,0.15552395339577207
4.019032286374214,0.15552395339577207
4.019032286374214,0.15552395339577207
4.019032286374214,0.15552395339577207
4.019032286374214,0.15574451690536523
4.019032286374214,0.15522113757887362
4.019032286374214,0.15522113757887362
4.019032286374214,0.15522113757887362
4.019032286374214,0.15522113757887362
4.019032286374214,0.15522113757887362
4.017766701863757,0.15522113757887362
4.012566656448593,0.15413847054791
4.012566656448593,0.15413847054791
4.012566656448593,0.15441942717321136
4.012566656448593,0.15441942717321136
4.019302395530284,0.15441942717321136
4.019302395530284,0.15441942717321136
4.019302395530284,0.15461055895265813
4.019302395530284,0.15461055895265813
4.019302395530284,0.15461055895265813
4.0194681938683665,0.15453352433568043
4.011526577487601,0.15453352433568043
4.011526577487601,0.15453352433568043
4.011526577487601,0.15453352433568043
4.011526577487601,0.15453352433568043
4.011526577487601,0.15453352433568043
4.011526577487601,0.15504130483792658
4.011526577487601,0.15504130483792658
4.011526577487601,0.15504130483792658
4.011526577487601,0.15504130483792658
4.011526577487601,0.1548259967613806
4.011526577487601,0.1548259967613806
4.011526577487601,0.1548259967613806
4.011526577487601,0.1548259967613806
4.011526577487601,0.1548259967613806
4.011526577487601,0.1548259967613806
4.011526577487601,0.1548259967613806
4.011526577487601,0.1548259967613806
4.011526577487601,0.15571159491806072
4.011526577487601,0.15549799788217736
4.011526577487601,0.15549799788217736
4.011526577487601,0.15549799788217736
4.011526577487601,0.15549799788217736
4.011526577487601,0.15549799788217736
4.011526577487601,0.15417542202714074
4.011526577487601,0.15417542202714074
4.002661770340196,0.15417542202714074
4.002661770340196,0.15417542202714074
4.002661770340196,0.15417542202714074
4.014747622882152,0.15417542202714074
4.014747622882152,0.15417542202714074
3.999997360212928,0.15417542202714074
3.999997360212928,0.15417542202714074
4.013306796759806,0.15417542202714074
4.00961241027563,0.15446663958104212
4.00961241027563,0.15446663958104212
4.00961241027563,0.15446663958104212
4.00961241027563,0.15446663958104212
4.00961241027563,0.15446663958104212
4.00961241027563,0.15446663958104212
4.009017092072636,0.15446663958104212
4.009017092072636,0.15446663958104212
4.018845368450226,0.15483335554940972
4.018845368450226,0.15483335554940972
4.011458945403524,0.15483335554940972
4.011458945403524,0.15483335554940972
4.011458945403524,0.1545665706102163
4.011458945403524,0.1545665706102163
4.002961069629229,0.1545665706102163
4.002961069629229,0.1545665706102163
4.002961069629229,0.1545665706102163
4.002961069629229,0.1545665706102163
4.002961069629229,0.1545665706102163
4.002961069629229,0.15357731645826353
3.993220078166971,0.15357731645826353
3.993220078166971,0.15357731645826353
3.994149260383053,0.15357731645826353
3.994149260383053,0.15357731645826353
3.994149260383053,0.15396083214362805
3.994149260383053,0.15396083214362805
3.994149260383053,0.15396083214362805
3.994149260383053,0.15396083214362805
3.994149260383053,0.15396083214362805
3.9942877566394928,0.15396083214362805
3.9942877566394928,0.15396083214362805
3.9991569843571275,0.15396083214362805
4.000878106078526,0.15396083214362805
4.000878106078526,0.15396083214362805
3.9999731217061574,0.15396083214362805
3.9999731217061574,0.15396083214362805
3.9999731217061574,0.15396083214362805
3.9999731217061574,0.15396083214362805
4.010107948402316,0.15396083214362805
4.010107948402316,0.15396083214362805
4.010107948402316,0.15396083214362805
4.010107948402316,0.15396083214362805
4.010107948402316,0.15396083214362805
4.010107948402316,0.15396083214362805
4.010107948402316,0.15396083214362805
4.010107948402316,0.15473194788311972
4.010107948402316,0.15473194788311972
4.010107948402316,0.15473194788311972
4.010107948402316,0.15473194788311972
4.006662441724966,0.15473194788311972
4.008781534635024,0.15450688238680113
4.008781534635024,0.15450688238680113
4.008781534635024,0.15450688238680113
4.008781534635024,0.15450688238680113
4.008781534635024,0.15448603815681775
4.008781534635024,0.15448603815681775
4.008781534635024,0.15448603815681775
4.008781534635024,0.15448603815681775
4.008781534635024,0.15448603815681775
4.010953371329115,0.15448603815681775
4.010953371329115,0.1532862993893626
4.006898898787277,0.15476415156606954
4.006898898787277,0.15476415156606954
3.991921610933921,0.15382731189014287
3.991921610933921,0.15382731189014287
3.991921610933921,0.15382731189014287
3.991921610933921,0.15382731189014287
3.991921610933921,0.15351026024004663
3.991921610933921,0.15282597993828706
3.991921610933921,0.15282597993828706
3.991921610933921,0.15363018734760014
3.991921610933921,0.15363018734760014
3.991921610933921,0.15363018734760014
3.991921610933921,0.15363018734760014
4.004798027110865,0.15363018734760014
4.004798027110865,0.15363018734760014
4.004798027110865,0.15363018734760014
4.004798027110865,0.15363018734760014
4.004798027110865,0.15363018734760014
4.004798027110865,0.15363018734760014
3.9939740245318536,0.15363018734760014
4.003031840328173,0.15363018734760014
4.003031840328173,0.15363018734760014
4.003031840328173,0.15363018734760014
4.003031840328173,0.15363018734760014
4.003031840328173,0.15363018734760014
4.003031840328173,0.15363018734760014
4.002810810861375,0.15363018734760014
4.002810810861375,0.15363018734760014
4.002810810861375,0.15363018734760014
4.002810810861375,0.15363018734760014
4.002810810861375,0.1541106112657978
4.021952552033083,0.155369783828631
4.021952552033083,0.155369783828631
4.021952552033083,0.155369783828631
4.021952552033083,0.155369783828631
4.021952552033083,0.155369783828631
4.021952552033083,0.155369783828631
4.021952552033083,0.155369783828631
4.021952552033083,0.155369783828631
4.021952552033083,0.155369783828631
4.021952552033083,0.155369783828631
4.021952552033083,0.155369783828631
4.021952552033083,0.155369783828631
4.021952552033083,0.155369783828631
4.021952552033083,0.155369783828631
4.021952552033083,0.15537014559936385
4.021952552033083,0.15537014559936385
4.021952552033083,0.15537014559936385
4.021952552033083,0.15537014559936385
4.021952552033083,0.1550088490954181
4.021952552033083,0.15543306072636012
4.021952552033083,0.15543306072636012
4.021952552033083,0.15543306072636012
4.021952552033083,0.15543306072636012
4.021952552033083,0.15543306072636012
4.021952552033083,0.15543306072636012
4.023704032043782,0.15543306072636012
4.023704032043782,0.15547068759949784
4.023704032043782,0.15547068759949784
4.023704032043782,0.15547068759949784
4.023704032043782,0.15547068759949784
4.023704032043782,0.15547068759949784
4.023572985965626,0.15585503052417002
4.023572985965626,0.15585503052417002
4.023572985965626,0.15585503052417002
4.023572985965626,0.15585503052417002
4.023572985965626,0.15585503052417002
4.023572985965626,0.15585503052417002
4.023572985965626,0.15585503052417002
4.023572985965626,0.15585503052417002
4.023572985965626,0.15585503052417002
4.023572985965626,0.15585503052417002
4.023572985965626,0.15507513725569252
4.023572985965626,0.15507513725569252
4.023572985965626,0.15507513725569252
4.017061762568971,0.15507513725569252
4.017061762568971,0.15507513725569252
4.017061762568971,0.15498110683076047
4.017061762568971,0.15498110683076047
4.017061762568971,0.15498110683076047
4.017061762568971,0.15498110683076047
4.017061762568971,0.15427147820122486
4.017061762568971,0.15427147820122486
4.017061762568971,0.15427147820122486
4.017061762568971,0.15482130846572137
4.017061762568971,0.15482130846572137
4.017061762568971,0.15546480028478216
4.017061762568971,0.15546480028478216
4.017061762568971,0.15546480028478216
4.017061762568971,0.15546480028478216
4.025318233169482,0.15546480028478216
4.025318233169482,0.15546480028478216
4.025318233169482,0.15546480028478216
4.025318233169482,0.15533676810667352
4.016282333600277,0.15533676810667352
4.016282333600277,0.15537768051663617
4.0169537618812985,0.1542931711304917
4.0169537618812985,0.15598319090425664
4.0169537618812985,0.15598319090425664
4.0169537618812985,0.15598319090425664
4.0169537618812985,0.15598319090425664
4.030869313773928,0.15598319090425664
4.030869313773928,0.15598319090425664
4.030869313773928,0.15582971279648813
4.030869313773928,0.1567002352820004
4.030869313773928,0.1567002352820004
4.030165666392881,0.1567002352820004
4.030165666392881,0.1567002352820004
4.030165666392881,0.1567002352820004
4.030165666392881,0.1567002352820004
4.030165666392881,0.1567002352820004
4.030165666392881,0.1567002352820004
4.032032322158422,0.1567002352820004
4.032032322158422,0.1567002352820004
4.032032322158422,0.1567002352820004
4.042015487206301,0.1567002352820004
4.042015487206301,0.1567002352820004
4.042015487206301,0.1567002352820004
4.042015487206301,0.1570821072355798
4.042015487206301,0.1570821072355798
4.042015487206301,0.1570821072355798
4.042015487206301,0.15603800969452794
4.042015487206301,0.15644909404618237
4.022045416415052,0.15644909404618237
4.022045416415052,0.15644909404618237
4.022045416415052,0.15644909404618237
4.022045416415052,0.15644909404618237
4.0076909797583555,0.15429090668227805
4.0076909797583555,0.15429090668227805
4.0076909797583555,0.15429090668227805
4.0076909797583555,0.15429090668227805
4.0076909797583555,0.15429090668227805
4.0076909797583555,0.15429090668227805
4.0076909797583555,0.15429090668227805
4.0076909797583555,0.15429090668227805
4.009668882080993,0.15429090668227805
4.009668882080993,0.15429090668227805
4.009668882080993,0.15429090668227805
4.009668882080993,0.15429090668227805
4.009668882080993,0.15429090668227805
4.009668882080993,0.15429090668227805
4.009668882080993,0.15429090668227805
4.009668882080993,0.15429090668227805
4.009668882080993,0.15429090668227805
4.009668882080993,0.15429090668227805
4.004503444729376,0.15429090668227805
4.004503444729376,0.15429090668227805
4.004503444729376,0.15429090668227805
4.004503444729376,0.15406534903542593
4.004503444729376,0.15406534903542593
4.004503444729376,0.15406534903542593
4.004503444729376,0.15406534903542593
4.004503444729376,0.15406534903542593
4.004503444729376,0.15406534903542593
4.004503444729376,0.15406534903542593
4.004503444729376,0.15406534903542593
4.004503444729376,0.15406534903542593
4.004503444729376,0.15406534903542593
4.004503444729376,0.15406534903542593
4.004503444729376,0.15406534903542593
4.004503444729376,0.15406534903542593
4.004503444729376,0.15406534903542593
4.004503444729376,0.15406534903542593
4.004503444729376,0.15406534903542593
4.004503444729376,0.15406534903542593
4.004503444729376,0.15406534903542593
4.004503444729376,0.15406534903542593
4.004503444729376,0.15406534903542593
4.004503444729376,0.15406534903542593
4.004503444729376,0.15315035721451456
4.004503444729376,0.15315035721451456
4.004503444729376,0.15315035721451456
4.004503444729376,0.15315035721451456
4.004503444729376,0.1551064200632146
4.004503444729376,0.1551064200632146
4.004503444729376,0.15489287124161855
4.004503444729376,0.15489287124161855
4.004503444729376,0.15489287124161855
4.004503444729376,0.15489287124161855
4.004503444729376,0.15489287124161855
4.004503444729376,0.15489287124161855
4.004503444729376,0.15489287124161855
4.004503444729376,0.15489287124161855
4.020071477999823,0.15489287124161855
4.020071477999823,0.15457981299167528
4.020071477999823,0.15457981299167528
4.008668927961005,0.15457981299167528
4.008668927961005,0.1541302276123435
4.008668927961005,0.1541302276123435
4.008668927961005,0.15460224893120575
4.008668927961005,0.15460224893120575
4.008668927961005,0.15460224893120575
4.008668927961005,0.15460224893120575
4.008668927961005,0.15460224893120575
4.008668927961005,0.15460224893120575
4.008668927961005,0.15460224893120575
4.008668927961005,0.15460224893120575
4.008668927961005,0.15460224893120575
4.008668927961005,0.15460224893120575
4.008668927961005,0.15460224893120575
4.008668927961005,0.15460224893120575
4.008668927961005,0.15460224893120575
4.008668927961005,0.15460224893120575
4.008668927961005,0.15460224893120575
4.008668927961005,0.15460224893120575
4.008668927961005,0.15460224893120575
4.008668927961005,0.15460224893120575
4.008668927961005,0.15460224893120575
4.008668927961005,0.1539380632878698
3.999060337332685,0.1539380632878698
3.999060337332685,0.1539380632878698
4.003709090103295,0.1539380632878698
4.003709090103295,0.1539380632878698
4.003709090103295,0.1539380632878698
4.003709090103295,0.15406182261952853
4.003709090103295,0.15406182261952853
4.003709090103295,0.15406182261952853
4.003709090103295,0.15406182261952853
4.010066139240129,0.15406182261952853
4.010066139240129,0.15406182261952853
3.9968502178309406,0.15357344262652753
3.9968502178309406,0.15357344262652753
3.9968502178309406,0.15357344262652753
3.9968502178309406,0.15357344262652753
3.9968502178309406,0.15357344262652753
3.9968502178309406,0.15357344262652753
3.9968502178309406,0.15357344262652753
3.9968502178309406,0.15357344262652753
3.9968502178309406,0.15357344262652753
3.9968502178309406,0.15357344262652753
3.9968502178309406,0.15357344262652753
3.9968502178309406,0.15326954180636454
3.9968502178309406,0.15326954180636454
3.9968502178309406,0.15326954180636454
3.9968502178309406,0.15326954180636454
3.9968502178309406,0.15326954180636454
3.9968502178309406,0.15326954180636454
3.998080388852948,0.15368656761278082
3.998080388852948,0.15368656761278082
4.0063986959339815,0.15368656761278082
4.0063986959339815,0.1535241145175811
4.0063986959339815,0.1535241145175811
4.0063986959339815,0.1535241145175811
4.0063986959339815,0.1535241145175811
4.0063986959339815,0.1535241145175811
4.0063986959339815,0.1535241145175811
4.0063986959339815,0.1538040006192908
4.0063986959339815,0.1538040006192908
4.0063986959339815,0.1538040006192908
4.0063986959339815,0.1538040006192908
4.0063986959339815,0.1538040006192908
4.0063986959339815,0.15428134115492545
4.0063986959339815,0.15428134115492545
4.0063986959339815,0.15404699619351891
4.0063986959339815,0.15404699619351891
4.0063986959339815,0.15404699619351891
4.0063986959339815,0.15404699619351891
4.0063986959339815,0.15404699619351891
4.0063986959339815,0.15404699619351891
4.0063986959339815,0.15404699619351891
4.0063986959339815,0.15404699619351891
4.012661515693854,0.15404699619351891
4.012661515693854,0.15404699619351891
4.012661515693854,0.15404699619351891
4.012661515693854,0.15404699619351891
4.012661515693854,0.15404699619351891
4.012661515693854,0.15404699619351891
4.012661515693854,0.15404699619351891
4.012661515693854,0.15404699619351891
4.012661515693854,0.15404699619351891
4.012661515693854,0.15404699619351891
4.034506589476141,0.15570564996673528
4.034506589476141,0.15570564996673528
4.023640407739447,0.15570564996673528
4.023640407739447,0.15570564996673528
4.023640407739447,0.15570564996673528
4.023640407739447,0.15570564996673528
4.023640407739447,0.15570564996673528
4.023640407739447,0.15570564996673528
4.023640407739447,0.15570564996673528
4.023881194297678,0.15522335781825625
4.023881194297678,0.15522335781825625
4.023881194297678,0.15522335781825625
4.026283658286649,0.15522335781825625
4.0168514003607125,0.15522335781825625
4.0168514003607125,0.15522335781825625
4.0168514003607125,0.15522335781825625
4.0168514003607125,0.15522335781825625
4.026248406525594,0.15522335781825625
4.026248406525594,0.15636555061331042
4.026248406525594,0.15636555061331042
4.038619037191088,0.15667893917142886
4.038619037191088,0.15667893917142886
4.038619037191088,0.15667893917142886
4.038619037191088,0.15667893917142886
4.037637819977924,0.15667893917142886
4.037637819977924,0.15667893917142886
4.037637819977924,0.15667893917142886
4.037637819977924,0.15666153969312657
4.037637819977924,0.15666153969312657
4.037637819977924,0.15666153969312657
4.037637819977924,0.15666153969312657
4.037637819977924,0.15639781368147224
4.037637819977924,0.1566116550015388
4.037637819977924,0.1566116550015388
4.037637819977924,0.1566116550015388
4.037637819977924,0.1566116550015388
4.037637819977924,0.1566116550015388
4.037637819977924,0.1566116550015388
4.045875518051463,0.1566116550015388
4.045875518051463,0.1566116550015388
4.023071270875465,0.1566116550015388
4.023071270875465,0.1566116550015388
4.023071270875465,0.1566116550015388
4.023071270875465,0.15506680475868584
4.023071270875465,0.15506680475868584
4.023071270875465,0.15506680475868584
4.023071270875465,0.15506680475868584
4.023071270875465,0.15506680475868584
4.023071270875465,0.15506680475868584
4.023071270875465,0.15506680475868584
4.023071270875465,0.15506680475868584
4.023071270875465,0.15506680475868584
4.023071270875465,0.15506680475868584
4.023071270875465,0.15506680475868584
4.023071270875465,0.15506680475868584
4.023071270875465,0.15506680475868584
4.023071270875465,0.15506680475868584
4.023071270875465,0.1557813406965474
4.023071270875465,0.1557813406965474
4.023071270875465,0.1557813406965474
4.023071270875465,0.1557813406965474
4.023071270875465,0.1557813406965474
4.023071270875465,0.1557813406965474
4.023071270875465,0.1557813406965474
4.023071270875465,0.1557813406965474
4.023071270875465,0.1557813406965474
4.023071270875465,0.1557813406965474
4.023071270875465,0.1557813406965474
4.023071270875465,0.1557813406965474
4.023071270875465,0.1557813406965474
4.023071270875465,0.1557813406965474
4.023071270875465,0.1557813406965474
4.023071270875465,0.15481902792978583
4.023071270875465,0.15481902792978583
4.004841999365018,0.15481902792978583
4.004841999365018,0.15481902792978583
4.004841999365018,0.15481902792978583
4.004841999365018,0.15481902792978583
4.004841999365018,0.1543365615268931
4.004841999365018,0.1543365615268931
4.004841999365018,0.1543365615268931
4.004841999365018,0.1543365615268931
4.005205221652355,0.1543365615268931
4.005205221652355,0.1543365615268931
4.005205221652355,0.1543365615268931
4.005205221652355,0.1543365615268931
4.005205221652355,0.1543365615268931
4.005205221652355,0.1543365615268931
4.005205221652355,0.1543365615268931
4.012671416801295,0.1543365615268931
4.012671416801295,0.1543365615268931
4.012671416801295,0.1543365615268931
4.012671416801295,0.1543365615268931
4.012671416801295,0.1543365615268931
4.012671416801295,0.1543365615268931
4.012671416801295,0.1543365615268931
4.012671416801295,0.1543365615268931
4.012671416801295,0.1543365615268931
4.012671416801295,0.1543365615268931
4.012671416801295,0.15572641695981512
4.012671416801295,0.15572641695981512
4.012671416801295,0.15572641695981512
4.013579878472109,0.15572641695981512
4.032965586754162,0.15572641695981512
4.032965586754162,0.15572641695981512
4.032965586754162,0.15572641695981512
4.032965586754162,0.15572641695981512
4.012961183983441,0.15572641695981512
4.012961183983441,0.15572641695981512
3.999656566017785,0.1541613360466216
3.999656566017785,0.1541613360466216
3.999656566017785,0.1541613360466216
3.999656566017785,0.1541613360466216
3.997501596549523,0.1541613360466216
3.997501596549523,0.1541613360466216
3.997501596549523,0.1541613360466216
3.997501596549523,0.1541613360466216
3.997501596549523,0.1541613360466216
3.997501596549523,0.1541613360466216
3.997501596549523,0.1541613360466216
3.997501596549523,0.1541613360466216
4.007257829377448,0.1541613360466216
4.007257829377448,0.1541613360466216
4.012165639827548,0.1541613360466216
4.005532080380523,0.1541613360466216
4.005532080380523,0.15457198232378916
4.005532080380523,0.15432849791379713
4.005532080380523,0.15432849791379713
4.005532080380523,0.15432849791379713
4.005532080380523,0.15432849791379713
4.005532080380523,0.15432849791379713
4.005532080380523,0.15369174864127239
4.002651646639833,0.15369174864127239
4.002651646639833,0.15471804553614316
4.002651646639833,0.15471804553614316
4.002651646639833,0.15471804553614316
4.002651646639833,0.15471804553614316
4.002651646639833,0.15471804553614316
4.002651646639833,0.15471804553614316
4.002651646639833,0.15365455515284043
3.9854602149132092,0.15365455515284043
3.9854602149132092,0.1521930347177894
3.9854602149132092,0.1521930347177894
3.9854602149132092,0.1521930347177894
3.9854602149132092,0.1521930347177894
3.9854602149132092,0.1521930347177894
3.9854602149132092,0.1521930347177894
3.9854602149132092,0.1521930347177894
3.9854602149132092,0.1521930347177894
3.9854602149132092,0.1521930347177894
3.9854602149132092,0.1521930347177894
3.9854602149132092,0.15270453724634514
3.9854602149132092,0.15270453724634514
3.9854602149132092,0.1527954593056137
3.988489442596191,0.1527954593056137
